{"cameraMode":{"drawMode":0,"name":"Shaded","section":"Shading Mode"},"sceneLighting":true,"audioPlay":false,"sceneViewState":{"m_AlwaysRefresh":false,"showFog":true,"showSkybox":true,"showFlares":true,"showImageEffects":true,"showParticleSystems":true,"showVisualEffectGraphs":true,"m_FxEnabled":true},"in2DMode":false,"pivot":{"x":13.244158744812012,"y":-0.00942230224609375,"z":9.178796768188477},"rotation":{"x":0.5541974306106567,"y":-0.0012482699239626527,"z":0.000831102894153446,"w":0.8323856592178345},"size":21.528797149658204,"orthographic":false}