{"cameraMode":{"drawMode":0,"name":"Shaded","section":"Shading Mode"},"sceneLighting":false,"audioPlay":false,"sceneViewState":{"m_AlwaysRefresh":false,"showFog":true,"showSkybox":false,"showFlares":true,"showImageEffects":true,"showParticleSystems":true,"showVisualEffectGraphs":true,"m_FxEnabled":true},"in2DMode":false,"pivot":{"x":-0.32305246591567995,"y":-0.4438152313232422,"z":-1.451021432876587},"rotation":{"x":0.6942431330680847,"y":0.006475992035120726,"z":-0.006249972619116306,"w":0.7196962833404541},"size":7.077969074249268,"orthographic":false}